,Close,Volume,Percentage_close,Normalized_close,Normalized_volume,Lin_nor_volume
0,0.126,8539200,0.0,0.0056134723336,85.392,0.0163940217266
1,0.131,1792400,0.0396825396825,0.0457097032879,17.924,0.00344114724363
2,0.129,2980400,-0.0152671755725,0.0296712109062,29.804,0.0057219344147
3,0.132,8087900,0.0232558139535,0.0537289494787,80.879,0.0155275913812
4,0.135,5815200,0.0227272727273,0.0777866880513,58.152,0.0111643380111
5,0.134,6929200,-0.00740740740741,0.0697674418605,69.292,0.0133030559476
6,0.135,2012000,0.00746268656716,0.0777866880513,20.12,0.00386274729646
7,0.137,1769200,0.0148148148148,0.093825180433,17.692,0.00339660661874
8,0.134,4449600,-0.021897810219,0.0697674418605,44.496,0.0085425846771
9,0.138,1322400,0.0298507462687,0.101844426624,13.224,0.00253881561871
10,0.138,2708000,0.0,0.101844426624,27.08,0.00519896604315
11,0.138,3588000,0.0,0.101844426624,35.88,0.00688843802172
12,0.137,2974000,-0.00724637681159,0.093825180433,29.74,0.00570964734576
13,0.136,1887600,-0.00729927007299,0.0858059342422,18.876,0.00362391739404
14,0.135,4756000,-0.00735294117647,0.0777866880513,47.56,0.00913082810237
15,0.134,2740000,-0.00740740740741,0.0697674418605,27.4,0.00526040138782
16,0.14,9785200,0.044776119403,0.117882919006,97.852,0.0187861604599
17,0.135,24780400,-0.0357142857143,0.0777866880513,247.804,0.0475747629748
18,0.149,53709200,0.103703703704,0.190056134723,537.092,0.103113850445
19,0.134,17870000,-0.10067114094,0.0697674418605,178.7,0.0343078002921
20,0.134,17428400,0.0,0.0697674418605,174.284,0.0334599925356
21,0.137,9292000,0.0223880597015,0.093825180433,92.92,0.0178392882101
22,0.143,14588800,0.043795620438,0.141940657578,145.888,0.0280083736375
23,0.151,6085600,0.0559440559441,0.206094627105,60.856,0.0116834666736
24,0.155,21842400,0.0264900662252,0.238171611868,218.424,0.0419342303918
25,0.159,7039200,0.0258064516129,0.270248596632,70.392,0.013514239945
26,0.16,15697600,0.0062893081761,0.278267842823,156.976,0.0301371083305
27,0.167,16126000,0.04375,0.334402566159,161.26,0.0309595740073
28,0.165,19943600,-0.0119760479042,0.318364073777,199.436,0.0382888106271
29,0.171,9314000,0.0363636363636,0.366479550922,93.14,0.0178815250096
30,0.168,0,-0.0175438596491,0.34242181235,0.0,0.0
31,0.168,5573600,0.0,0.34242181235,55.736,0.0107005011588
32,0.168,5206000,0.0,0.34242181235,52.06,0.00999476263687
33,0.17,2957600,0.0119047619048,0.358460304731,29.576,0.00567816173162
34,0.168,8053200,-0.0117647058824,0.34242181235,80.532,0.0154609724294
35,0.172,7568000,0.0238095238095,0.374498797113,75.68,0.0145294590157
36,0.174,10564000,0.0116279069767,0.390537289495,105.64,0.0202813431609
37,0.175,5480400,0.00574712643678,0.398556535686,54.804,0.0105215707175
38,0.174,7150400,-0.00571428571429,0.390537289495,71.504,0.0137277277677
39,0.176,0,0.0114942528736,0.406575781877,0.0,0.0
40,0.176,15360000,0.0,0.406575781877,153.6,0.0294889654442
41,0.178,14588000,0.0113636363636,0.422614274258,145.88,0.0280068377539
42,0.18,17476000,0.0112359550562,0.43865276664,174.76,0.0335513776108
43,0.175,23606000,-0.0277777777778,0.398556535686,236.06,0.0453200858252
44,0.179,139165600,0.0228571428571,0.430633520449,1391.656,0.267177706342
45,0.187,5144800,0.0446927374302,0.494787489976,51.448,0.00987726754017
46,0.191,6735200,0.0213903743316,0.526864474739,67.352,0.0129306041705
47,0.195,18756000,0.020942408377,0.558941459503,187.56,0.0360087913978
48,0.185,5835200,-0.0512820512821,0.478748997594,58.352,0.0112027351015
49,0.186,11513200,0.00540540540541,0.486768243785,115.132,0.0221036690724
50,0.188,25035200,0.010752688172,0.502806736167,250.352,0.0480639419067
51,0.19,87602000,0.0106382978723,0.518845228549,876.02,0.168183095758
52,0.197,66818800,0.0368421052632,0.574979951885,668.188,0.128282375275
53,0.19,19725600,-0.0355329949239,0.518845228549,197.256,0.0378702823415
54,0.184,10905200,-0.0315789473684,0.470729751403,109.052,0.0209363975235
55,0.186,0,0.0108695652174,0.486768243785,0.0,0.0
56,0.186,99522400,0.0,0.486768243785,995.224,0.191068529591
57,0.178,196978400,-0.0430107526882,0.422614274258,1969.784,0.3781698718
58,0.202,520872800,0.134831460674,0.615076182839,5208.728,1.0
59,0.185,17370000,-0.0841584158416,0.478748997594,173.7,0.0333478730316
60,0.182,10741200,-0.0162162162162,0.454691259022,107.412,0.0206215413821
61,0.182,8594000,0.0,0.454691259022,85.94,0.0164992297544
62,0.185,31515200,0.0164835164835,0.478748997594,315.152,0.0605045992035
63,0.172,4860800,-0.0702702702703,0.374498797113,48.608,0.00933202885618
64,0.172,3222200,0.0,0.374498797113,32.222,0.0061861552379
65,0.175,16702600,0.0174418604651,0.398556535686,167.026,0.0320665621242
66,0.168,6237200,-0.04,0.34242181235,62.372,0.011974516619
67,0.172,5988000,0.0238095238095,0.374498797113,59.88,0.0114960888724
68,0.168,2777600,-0.0232558139535,0.34242181235,27.776,0.00533258791782
69,0.171,5791600,0.0178571428571,0.366479550922,57.916,0.0111190294444
70,0.172,2130000,0.00584795321637,0.374498797113,21.3,0.00408929012995
71,0.17,3140800,-0.0116279069767,0.358460304731,31.408,0.00602987907988
72,0.174,7342800,0.0235294117647,0.390537289495,73.428,0.0140971077776
73,0.169,6203200,-0.0287356321839,0.35044105854,62.032,0.0119092415653
74,0.165,3523200,-0.0236686390533,0.318364073777,35.232,0.00676403144875
75,0.167,3456400,0.0121212121212,0.334402566159,34.564,0.00663578516674
76,0.169,2012400,0.0119760479042,0.35044105854,20.124,0.00386351523827
77,0.169,3668000,0.0,0.35044105854,36.68,0.00704202638341
78,0.167,10008800,-0.0118343195266,0.334402566159,100.088,0.0192154399308
79,0.175,3277200,0.0479041916168,0.398556535686,32.772,0.00629174723656
80,0.174,3248000,-0.00571428571429,0.390537289495,32.48,0.00623568748455
81,0.174,1620000,0.0,0.390537289495,16.2,0.00311016432419
82,0.176,4198800,0.0114942528736,0.406575781877,41.988,0.00806108516321
83,0.177,5752800,0.00568181818182,0.414595028067,57.528,0.011044539089
84,0.186,5614800,0.0508474576271,0.486768243785,56.148,0.0107795991651
85,0.185,43664000,-0.00537634408602,0.478748997594,436.64,0.0838285278095
86,0.184,20415600,-0.00540540540541,0.470729751403,204.156,0.039194981961
87,0.167,5078400,-0.0923913043478,0.334402566159,50.784,0.00974978919997
88,0.168,0,0.0059880239521,0.34242181235,0.0,0.0
89,0.168,9273200,0.0,0.34242181235,92.732,0.0178031949451
90,0.171,12288800,0.0178571428571,0.366479550922,122.888,0.0235927082389
91,0.177,7818000,0.0350877192982,0.414595028067,78.18,0.015009422646
92,0.182,17958800,0.0282485875706,0.454691259022,179.588,0.0344782833736
93,0.19,9479200,0.043956043956,0.518845228549,94.792,0.0181986849764
94,0.193,7446800,0.0157894736842,0.542902967121,74.468,0.0142967726478
95,0.198,20001600,0.0259067357513,0.582999198075,200.016,0.0384001621893
96,0.193,31011400,-0.0252525252525,0.542902967121,310.114,0.0595373764958
97,0.193,76108400,0.0,0.542902967121,761.084,0.146117055834
98,0.17,8176000,-0.119170984456,0.358460304731,81.76,0.0156967305645
99,0.171,10164000,0.00588235294118,0.366479550922,101.64,0.0195134013525
100,0.176,6547200,0.0292397660819,0.406575781877,65.472,0.0125696715206
101,0.178,24593200,0.0113636363636,0.422614274258,245.932,0.0472153662084
102,0.187,113240400,0.0505617977528,0.494787489976,1132.404,0.217405093912
103,0.16,7661200,-0.144385026738,0.278267842823,76.612,0.0147083894571
104,0.16,25006400,0.0,0.278267842823,250.064,0.0480086500965
105,0.165,10831600,0.03125,0.318364073777,108.316,0.0207950962308
106,0.166,14033600,0.00606060606061,0.326383319968,140.336,0.0269424704074
107,0.165,7469600,-0.00602409638554,0.318364073777,74.696,0.0143405453308
108,0.165,23180800,0.0,0.318364073777,231.808,0.0445037636828
109,0.161,24582800,-0.0242424242424,0.286287089014,245.828,0.0471953997214
110,0.164,0,0.0186335403727,0.310344827586,0.0,0.0
111,0.164,28221200,0.0,0.310344827586,282.212,0.054180598411
112,0.167,8946400,0.0182926829268,0.334402566159,89.464,0.0171757864876
113,0.168,5384400,0.0059880239521,0.34242181235,53.844,0.0103372646834
114,0.167,6705600,-0.00595238095238,0.334402566159,67.056,0.0128737764767
115,0.166,19184800,-0.0059880239521,0.326383319968,191.848,0.0368320250165
116,0.168,3679600,0.0120481927711,0.34242181235,36.796,0.00706429669585
117,0.169,4274800,0.00595238095238,0.35044105854,42.748,0.00820699410681
118,0.168,13763600,-0.00591715976331,0.34242181235,137.636,0.0264241096867
119,0.17,14737600,0.0119047619048,0.358460304731,147.376,0.0282940479902
120,0.167,13702000,-0.0176470588235,0.334402566159,137.02,0.0263058466482
121,0.167,60770000,0.0,0.334402566159,607.7,0.116669559247
122,0.1676,118883300,0.00359281437126,0.339214113873,1188.833,0.228238640989
123,0.25,435200,0.491646778043,1.0,4.352,0.000835520687584
124,0.25,689600,0.0,1.0,6.896,0.00132393167775
125,0.25,553600,0.0,1.0,5.536,0.00106283146288
126,0.25,0,0.0,1.0,0.0,0.0
127,0.25,385200,0.0,1.0,3.852,0.000739527961529
128,0.25,392000,0.0,1.0,3.92,0.000752582972273
129,0.25,688800,0.0,1.0,6.888,0.00132239579414
130,0.25,2419200,0.0,1.0,24.192,0.00464451205745
131,0.25,2527600,0.0,1.0,25.276,0.00485262428754
132,0.25,11464000,0.0,1.0,114.64,0.0220092122299
133,0.25,1122000,0.0,1.0,11.22,0.00215407677268
134,0.01,1185600,-0.96,-0.924619085806,11.856,0.00227617952022
135,0.01,1476400,0.0,-0.924619085806,14.764,0.00283447321496
136,0.01,588800,0.0,-0.924619085806,5.888,0.00113041034203
137,0.01,939600,0.0,-0.924619085806,9.396,0.00180389530803
138,0.01,852000,0.0,-0.924619085806,8.52,0.00163571605198
139,0.01,486000,0.0,-0.924619085806,4.86,0.000933049297256
140,0.01,238000,0.0,-0.924619085806,2.38,0.000456925376023
141,0.01,504000,0.0,-0.924619085806,5.04,0.000967606678636
142,0.01,747200,0.0,-0.924619085806,7.472,0.00143451529817
143,0.01,1981600,0.0,-0.924619085806,19.816,0.00380438371902
144,0.01,448400,0.0,-0.924619085806,4.484,0.000860862767263
145,0.01,91200,0.0,-0.924619085806,0.912,0.000175090732325
146,0.01,1840800,0.0,-0.924619085806,18.408,0.00353406820245
147,0.01,489600,0.0,-0.924619085806,4.896,0.000939960773532
148,0.01,1014000,0.0,-0.924619085806,10.14,0.0019467324844
149,0.01,751600,0.0,-0.924619085806,7.516,0.00144296265806
150,0.01,3497600,0.0,-0.924619085806,34.976,0.00671488317301
151,0.01,10063200,0.0,-0.924619085806,100.632,0.0193198800168
152,0.01,81580800,0.0,-0.924619085806,815.808,0.156623267715
153,0.01,158000,0.0,-0.924619085806,1.58,0.000303337014334
154,0.01,0,0.0,-0.924619085806,0.0,0.0
155,0.01,788400,0.0,-0.924619085806,7.884,0.00151361330444
156,0.01,808000,0.0,-0.924619085806,8.08,0.00155124245305
157,0.01,1572400,0.0,-0.924619085806,15.724,0.00301877924898
158,0.01,834400,0.0,-0.924619085806,8.344,0.00160192661241
159,0.01,1623200,0.0,-0.924619085806,16.232,0.00311630785866
160,0.01,2051200,0.0,-0.924619085806,20.512,0.00393800559369
161,0.01,1634400,0.0,-0.924619085806,16.344,0.00313781022929
162,0.01,932000,0.0,-0.924619085806,9.32,0.00178930441367
163,0.01,3178000,0.0,-0.924619085806,31.78,0.00610129766807
164,0.01,2255200,0.0,-0.924619085806,22.552,0.00432965591599
165,0.01,832000,0.0,-0.924619085806,8.32,0.00159731896156
166,0.01,1167200,0.0,-0.924619085806,11.672,0.00224085419703
167,0.01,1226400,0.0,-0.924619085806,12.264,0.00235450958468
168,0.01,2238400,0.0,-0.924619085806,22.384,0.00429740236004
169,0.01,5328800,0.0,-0.924619085806,53.288,0.0102305207721
170,0.01,9512800,0.0,-0.924619085806,95.128,0.0182631920884
171,0.01,1859200,0.0,-0.924619085806,18.592,0.00356939352564
172,0.01,3118000,0.0,-0.924619085806,31.18,0.0059861063968
173,0.01,7366000,0.0,-0.924619085806,73.66,0.0141416484025
174,0.01,0,0.0,-0.924619085806,0.0,0.0
175,0.01,17183200,0.0,-0.924619085806,171.832,0.032989244207
176,0.01,12784000,0.0,-0.924619085806,127.84,0.0245434201978
177,0.01,15320400,0.0,-0.924619085806,153.204,0.0294129392051
178,0.01,172664000,0.0,-0.924619085806,1726.64,0.331489761032
179,0.0006,0,-0.94,-1.0,0.0,0.0
180,0.0006,0,0.0,-1.0,0.0,0.0
181,0.0006,5602000,0.0,-1.0,56.02,0.0107550250272
182,0.0007,22129600,0.166666666667,-0.999198075381,221.296,0.0424856126102
183,0.0006,5874400,-0.142857142857,-1.0,58.744,0.0112779933988
184,0.0006,6422800,0.0,-1.0,64.228,0.0123308416181
185,0.0006,5393600,0.0,-1.0,53.936,0.010354927345
186,0.0007,13919200,0.166666666667,-0.999198075381,139.192,0.0267228390501
187,0.0006,3160000,-0.142857142857,-1.0,31.6,0.00606674028669
188,0.0006,4953600,0.0,-1.0,49.536,0.00951019135574
189,0.0006,8881200,0.0,-1.0,88.812,0.0170506119728
190,0.0006,16002400,0.0,-1.0,160.024,0.0307222799885
191,0.0006,8264800,0.0,-1.0,82.648,0.015867213646
192,0.0006,5078400,0.0,-1.0,50.784,0.00974978919997
193,0.0007,6967200,0.166666666667,-0.999198075381,69.672,0.0133760104194
194,0.0006,17344800,-0.142857142857,-1.0,173.448,0.0332994926976
195,0.0007,6844800,0.166666666667,-0.999198075381,68.448,0.0131410202261
196,0.0006,7042400,-0.142857142857,-1.0,70.424,0.0135203834794
197,0.0006,14514000,0.0,-1.0,145.14,0.0278647685193
198,0.0006,5467200,0.0,-1.0,54.672,0.0104962286378
199,0.0006,6512400,0.0,-1.0,65.124,0.0125028605832
200,0.0007,15886800,0.166666666667,-0.999198075381,158.868,0.0305003448059
201,0.0006,10783600,-0.142857142857,-1.0,107.836,0.0207029432138
202,0.0007,5520800,0.166666666667,-0.999198075381,55.208,0.0105991328401
203,0.0007,79660800,0.0,-0.999198075381,796.608,0.152937147035
204,0.0006,2350400,-0.142857142857,-1.0,23.504,0.0045124260664
205,0.0006,3447600,0.0,-1.0,34.476,0.00661889044696
206,0.0006,3784800,0.0,-1.0,37.848,0.00726626539147
207,0.0006,6253800,0.0,-1.0,62.538,0.0120063862041
208,0.0006,2106800,0.0,-1.0,21.068,0.00404474950506
209,0.0006,5822400,0.0,-1.0,58.224,0.0111781609637
210,0.0006,2156800,0.0,-1.0,21.568,0.00414074223112
211,0.0006,2776400,0.0,-1.0,27.764,0.00533028409239
212,0.0006,0,0.0,-1.0,0.0,0.0
213,0.0006,0,0.0,-1.0,0.0,0.0
214,0.0006,0,0.0,-1.0,0.0,0.0
215,0.0006,8133200,0.0,-1.0,81.332,0.015614560791
216,0.0006,1448800,0.0,-1.0,14.488,0.00278148523018
217,0.0006,7163200,0.0,-1.0,71.632,0.0137523019056
218,0.0006,4786000,0.0,-1.0,47.86,0.009188423738
219,0.0006,7453600,0.0,-1.0,74.536,0.0143098276585
220,0.0006,13812400,0.0,-1.0,138.124,0.0265177985873
221,0.0006,2582800,0.0,-1.0,25.828,0.00495860025711
222,0.0006,4352800,0.0,-1.0,43.528,0.00835674275946
223,0.0006,7215200,0.0,-1.0,72.152,0.0138521343407
224,0.0006,9295200,0.0,-1.0,92.952,0.0178454317446
225,0.0006,9865600,0.0,-1.0,98.656,0.0189405167634
226,0.0006,6206200,0.0,-1.0,62.062,0.0119150011289
227,0.0006,9976800,0.0,-1.0,99.768,0.0191540045861
228,0.0006,9906400,0.0,-1.0,99.064,0.0190188468279
229,0.0006,12419200,0.0,-1.0,124.192,0.0238430572685
230,0.0006,11651600,0.0,-1.0,116.516,0.0223693769381
231,0.0006,6563200,0.0,-1.0,65.632,0.0126003891929
232,0.0006,6688000,0.0,-1.0,66.88,0.0128399870371
233,0.0006,9067200,0.0,-1.0,90.672,0.0174077049138
234,0.0006,6021600,0.0,-1.0,60.216,0.0115605959843
235,0.0007,6579600,0.166666666667,-0.999198075381,65.796,0.0126318748071
236,0.0007,20236000,0.0,-0.999198075381,202.36,0.0388501760891
237,0.0007,9790800,0.0,-0.999198075381,97.908,0.0187969116452
238,0.0007,6140400,0.0,-0.999198075381,61.404,0.0117886747014
239,0.0007,8853600,0.0,-0.999198075381,88.536,0.016997623988
240,0.0008,0,0.142857142857,-0.998396150762,0.0,0.0
241,0.0008,10635200,0.0,-0.998396150762,106.352,0.0204180368028
242,0.0008,8701200,0.0,-0.998396150762,87.012,0.016705038159
243,0.0008,23044400,0.0,-0.998396150762,230.444,0.0442418955261
244,0.0007,24026400,-0.125,-0.999198075381,240.264,0.0461271926658
245,0.0008,0,0.142857142857,-0.998396150762,0.0,0.0
246,0.0008,8204400,0.0,-0.998396150762,82.044,0.0157512544329
247,0.0008,104930800,0.0,-0.998396150762,1049.308,0.201451870783
248,0.0008,101829200,0.0,-0.998396150762,1018.292,0.19549725
249,0.0006,3424400,-0.25,-1.0,34.244,0.00657434982207
250,0.0006,6747200,0.0,-1.0,67.472,0.0129536424248
251,0.0006,4126400,0.0,-1.0,41.264,0.00792208769588
252,0.0006,3935200,0.0,-1.0,39.352,0.00755501151145
253,0.0006,9950000,0.0,-1.0,99.5,0.019102552485
254,0.0006,12540000,0.0,-1.0,125.4,0.0240749756946
255,0.0006,20168400,0.0,-1.0,201.684,0.0387203939234
256,0.0006,3202400,0.0,-1.0,32.024,0.00614814211838
257,0.0006,6678800,0.0,-1.0,66.788,0.0128223243755
258,0.0006,11388000,0.0,-1.0,113.88,0.0218633032863
259,0.0006,5480400,0.0,-1.0,54.804,0.0105215707175
260,0.0007,19867200,0.166666666667,-0.999198075381,198.672,0.0381421337417
261,0.0007,38108800,0.0,-0.999198075381,381.088,0.0731633519738
262,0.0007,3840800,0.0,-0.999198075381,38.408,0.00737377724466
263,0.0007,14080000,0.0,-0.999198075381,140.8,0.0270315516571
264,0.0007,17984800,0.0,-0.999198075381,179.848,0.0345281995911
265,0.0006,6132400,-0.142857142857,-1.0,61.324,0.0117733158652
266,0.0007,6303600,0.166666666667,-0.999198075381,63.036,0.0121019949592
267,0.0007,5488400,0.0,-0.999198075381,54.884,0.0105369295536
268,0.0007,23928400,0.0,-0.999198075381,239.284,0.0459390469228
269,0.0007,3414000,0.0,-0.999198075381,34.14,0.00655438333505
270,0.0007,9519200,0.0,-0.999198075381,95.192,0.0182754791573
271,0.0007,9636800,0.0,-0.999198075381,96.368,0.018501254049
272,0.0007,23971200,0.0,-0.999198075381,239.712,0.0460212166963
273,0.0007,6277800,0.0,-0.999198075381,62.778,0.0120524627126
274,0.0007,26337200,0.0,-0.999198075381,263.372,0.0505635924932
275,0.0007,9900000,0.0,-0.999198075381,99.0,0.0190065597589
276,0.0008,6516000,0.142857142857,-0.998396150762,65.16,0.0125097720595
277,0.0008,13248800,0.0,-0.998396150762,132.488,0.0254357685792
278,0.0008,5202000,0.0,-0.998396150762,52.02,0.00998708321878
279,0.0008,7314800,0.0,-0.998396150762,73.148,0.014043351851
280,0.0008,35864400,0.0,-0.998396150762,358.644,0.0688544304867
281,0.0008,12027600,0.0,-0.998396150762,120.276,0.023091242238
282,0.0008,57303200,0.0,-0.998396150762,573.032,0.110013807594
283,0.0008,12883200,0.0,-0.998396150762,128.832,0.0247338697663
284,0.0008,11520000,0.0,-0.998396150762,115.2,0.0221167240831
285,0.0008,4768000,0.0,-0.998396150762,47.68,0.00915386635662
286,0.0008,8238000,0.0,-0.998396150762,82.38,0.0158157615449
287,0.0008,24644000,0.0,-0.998396150762,246.44,0.0473128948181
288,0.0008,21764400,0.0,-0.998396150762,217.644,0.0417844817391
289,0.0008,35407200,0.0,-0.998396150762,354.072,0.0679766729996
290,0.0008,21016000,0.0,-0.998396150762,210.16,0.0403476626155
291,0.0009,31130800,0.125,-0.997594226143,311.308,0.0597666071256
292,0.0009,0,0.0,-0.997594226143,0.0,0.0
293,0.0009,56563000,0.0,-0.997594226143,565.63,0.108592731277
294,0.0008,87064800,-0.111111111111,-0.998396150762,870.648,0.167151749909
295,0.0009,131494000,0.125,-0.997594226143,1314.94,0.252449350398
296,0.001,86623800,0.111111111111,-0.996792301524,866.238,0.166305094065
297,0.001,296161000,0.0,-0.996792301524,2961.61,0.568586034825
298,0.001,206018500,0.0,-0.996792301524,2060.185,0.395525548656
299,0.0008,31349600,-0.2,-0.998396150762,313.496,0.0601866712948
300,0.0008,73725200,0.0,-0.998396150762,737.252,0.141541658539
301,0.0007,45130800,-0.125,-0.999198075381,451.308,0.086644570421
302,0.0007,246836000,0.0,-0.999198075381,2468.36,0.473889210571
303,0.0006,13293200,-0.142857142857,-1.0,132.932,0.0255210101199
304,0.0007,29725600,0.166666666667,-0.999198075381,297.256,0.0570688275525
305,0.0006,28457200,-0.142857142857,-1.0,284.572,0.054633684078
306,0.0006,0,0.0,-1.0,0.0,0.0
307,0.0006,103333200,0.0,-1.0,1033.332,0.1983847112
308,0.0007,9029600,0.166666666667,-0.999198075381,90.296,0.0173355183838
309,0.0008,0,0.142857142857,-0.998396150762,0.0,0.0
310,0.0008,11100600,0.0,-0.998396150762,111.006,0.021311537097
311,0.0008,47174000,0.0,-0.998396150762,471.74,0.0905672171786
312,0.0008,20032400,0.0,-0.998396150762,200.324,0.0384592937086
313,0.0008,120326000,0.0,-0.998396150762,1203.26,0.231008415106
314,0.0008,15546800,0.0,-0.998396150762,155.468,0.0298475942687
315,0.0009,9984400,0.125,-0.997594226143,99.844,0.0191685954805
316,0.0009,11357200,0.0,-0.997594226143,113.572,0.0218041717671
317,0.0009,20580000,0.0,-0.997594226143,205.8,0.0395106060443
318,0.0009,35692800,0.0,-0.997594226143,356.928,0.0685249834509
319,0.001,26309600,0.111111111111,-0.996792301524,263.096,0.0505106045084
320,0.001,72847200,0.0,-0.996792301524,728.472,0.13985602627
321,0.001,44113600,0.0,-0.996792301524,441.136,0.0846916944022
322,0.001,103675600,0.0,-0.996792301524,1036.756,0.199042069388
323,0.0011,82114000,0.1,-0.995990376905,821.14,0.157646934146
324,0.0012,57897600,0.0909090909091,-0.995188452285,578.976,0.111154969121
325,0.0015,8160000,0.25,-0.992782678428,81.6,0.0156660128922
326,0.0015,0,0.0,-0.992782678428,0.0,0.0
327,0.0015,14995200,0.0,-0.992782678428,149.952,0.0287886025149
328,0.0015,35445200,0.0,-0.992782678428,354.452,0.0680496274714
329,0.0014,45102600,-0.0666666666667,-0.993584603047,451.026,0.0865904305235
330,0.0016,125158400,0.142857142857,-0.991980753809,1251.584,0.240285920094
331,0.0012,57237600,-0.25,-0.995188452285,572.376,0.109887865137
332,0.0014,65141200,0.166666666667,-0.993584603047,651.412,0.12506162733
333,0.002,26031600,0.428571428571,-0.988773055333,260.316,0.0499768849516
334,0.0024,8894800,0.2,-0.985565356856,88.948,0.0170767219943
335,0.0034,12383600,0.416666666667,-0.977546110666,123.836,0.0237747104475
336,0.0038,31645200,0.117647058824,-0.974338412189,316.452,0.0607541802912
337,0.0043,13722000,0.131578947368,-0.970328789094,137.22,0.0263442437386
338,0.0032,9236000,-0.255813953488,-0.979149959904,92.36,0.0177317763569
339,0.0035,15114800,0.09375,-0.976744186047,151.148,0.0290182171156
340,0.004,2778000,0.142857142857,-0.972734562951,27.78,0.00533335585963
341,0.004,2904000,0.0,-0.972734562951,29.04,0.00557525752929
342,0.004,11530000,0.0,-0.972734562951,115.3,0.0221359226283
343,0.0196,9736000,3.9,-0.847634322374,97.36,0.0186917036175
344,0.02,12482100,0.0204081632653,-0.844426623897,124.821,0.0239638161179
345,0.0232,7798000,0.16,-0.818765036087,77.98,0.0149710255556
346,0.024,16098000,0.0344827586207,-0.812349639134,160.98,0.0309058180807
347,0.0276,20996000,0.15,-0.783480352847,209.96,0.0403092655251
348,0.0308,12060400,0.115942028986,-0.757818765036,120.604,0.0231542134663
349,0.0312,28586400,0.012987012987,-0.75461106656,285.864,0.0548817292821
350,0.0308,37040000,-0.0128205128205,-0.757818765036,370.4,0.0711114114617
351,0.03,5972000,-0.025974025974,-0.764234161989,59.72,0.0114653712
352,0.0336,41062000,0.12,-0.735364875702,410.62,0.0788330663456
353,0.0348,40034000,0.0357142857143,-0.725741780273,400.34,0.0768594558979
354,0.0352,17336000,0.0114942528736,-0.722534081796,173.36,0.0332825979779
355,0.034,6902000,-0.0340909090909,-0.732157177225,69.02,0.0132508359047
356,0.0396,19858000,0.164705882353,-0.687249398557,198.58,0.0381244710801
357,0.0408,5394200,0.030303030303,-0.677626303128,53.942,0.0103560792577
358,0.04,9984000,-0.0196078431373,-0.68404170008,99.84,0.0191678275387
359,0.0432,14546200,0.08,-0.658380112269,145.462,0.0279265878349
360,0.0396,0,-0.0833333333333,-0.687249398557,0.0,0.0
361,0.0396,9122000,0.0,-0.687249398557,91.22,0.0175129129415
362,0.0412,24072400,0.040404040404,-0.674418604651,240.724,0.0462155059738
363,0.0324,4978000,-0.21359223301,-0.744987971131,49.78,0.00955703580605
364,0.032,8730000,-0.0123456790123,-0.748195669607,87.3,0.0167603299692
365,0.0196,0,-0.3875,-0.847634322374,0.0,0.0
366,0.0196,1140000,0.0,-0.847634322374,11.4,0.00218863415406
367,0.0166,2658000,-0.15306122449,-0.871692060946,26.58,0.00510297331709
368,0.02,5828000,0.204819277108,-0.844426623897,58.28,0.011188912149
369,0.0184,3008000,-0.08,-0.857257417803,30.08,0.00577492239948
370,0.0228,1968000,0.239130434783,-0.821972734563,19.68,0.00377827369753
371,0.0264,258000,0.157894736842,-0.793103448276,2.58,0.000495322466445
372,0.028,0,0.0606060606061,-0.78027265437,0.0,0.0
373,0.028,444000,0.0,-0.78027265437,4.44,0.00085241540737
374,0.0288,880000,0.0285714285714,-0.773857257418,8.8,0.00168947197857
375,0.03,1600000,0.0416666666667,-0.764234161989,16.0,0.00307176723377
376,0.0324,586000,0.08,-0.744987971131,5.86,0.00112503474937
377,0.0328,1968000,0.0123456790123,-0.741780272654,19.68,0.00377827369753
378,0.0332,4624000,0.0121951219512,-0.738572574178,46.24,0.00887740730558
379,0.032,4866000,-0.0361445783133,-0.748195669607,48.66,0.00934201209969
380,0.0288,1946000,-0.1,-0.773857257418,19.46,0.00373603689807
381,0.0332,1564000,0.152777777778,-0.738572574178,15.64,0.00300265247101
382,0.0352,12464000,0.0602409638554,-0.722534081796,124.64,0.023929066751
383,0.0324,14800000,-0.0795454545455,-0.744987971131,148.0,0.0284138469123
384,0.0204,2260000,-0.37037037037,-0.841218925421,22.6,0.00433887121769
385,0.0224,1424000,0.0980392156863,-0.825180433039,14.24,0.00273387283805
386,0.024,2576000,0.0714285714286,-0.812349639134,25.76,0.00494554524636
387,0.0248,2352000,0.0333333333333,-0.805934242181,23.52,0.00451549783364
388,0.0284,4064000,0.145161290323,-0.777064955894,40.64,0.00780228877377
389,0.0292,1552000,0.0281690140845,-0.770649558941,15.52,0.00297961421675
390,0.0312,2288000,0.0684931506849,-0.75461106656,22.88,0.00439262714429
391,0.03,15608000,-0.0384615384615,-0.764234161989,156.08,0.0299650893654
392,0.0288,10792000,-0.04,-0.773857257418,107.92,0.0207190699918
393,0.0304,255080000,0.0555555555556,-0.761026463512,2550.8,0.489716491243
394,0.0308,25538000,0.0131578947368,-0.757818765036,255.38,0.0490292447599
395,0.0312,29168000,0.012987012987,-0.75461106656,291.68,0.0559983166716
396,0.03,31245000,-0.0384615384615,-0.764234161989,312.45,0.0599858545119
397,0.0232,57744000,-0.226666666667,-0.818765036087,577.44,0.110860079467
398,0.0184,6300000,-0.206896551724,-0.857257417803,63.0,0.012095083483
399,0.0169,0,-0.0815217391304,-0.869286287089,0.0,0.0
400,0.0169,10568000,0.0,-0.869286287089,105.68,0.020289022579
401,0.0171,13588000,0.0118343195266,-0.867682437851,135.88,0.0260869832328
402,0.0186,21888000,0.0877192982456,-0.855653568565,218.88,0.0420217757579
403,0.015,19888000,-0.193548387097,-0.884522854852,198.88,0.0381820667157
404,0.1292,6124000,7.61333333333,0.0312750601443,61.24,0.0117571890872
405,0.1228,7327000,-0.0495356037152,-0.0200481154771,73.27,0.0140667740761
406,0.1216,7152000,-0.00977198697068,-0.0296712109062,71.52,0.0137307995349
407,0.1148,7328000,-0.0559210526316,-0.084202085004,73.28,0.0140686939306
408,0.12,31120000,0.0452961672474,-0.0425020048115,311.2,0.0597458726968
409,0.1112,18600000,-0.0733333333333,-0.113071371291,186.0,0.0357092940925
410,0.1196,30680000,0.0755395683453,-0.0457097032879,306.8,0.0589011367075
411,0.0952,15768000,-0.204013377926,-0.241379310345,157.68,0.0302722660888
412,0.0912,11208000,-0.0420168067227,-0.273456295108,112.08,0.0215177294725
413,0.088,60632000,-0.0350877192982,-0.299117882919,606.32,0.116404619324
414,0.098,21248000,0.113636363636,-0.21892542101,212.48,0.0407930688644
415,0.1152,0,0.175510204082,-0.0809943865277,0.0,0.0
416,0.1152,22184000,0.0,-0.0809943865277,221.84,0.0425900526962
417,0.1012,36364000,-0.121527777778,-0.1932638332,363.64,0.0698135898054
418,0.0876,30732000,-0.134387351779,-0.302325581395,307.32,0.0590009691426
419,0.0768,45448000,-0.123287671233,-0.388933440257,454.48,0.0872535482751
420,0.066,8488000,-0.140625,-0.475541299118,84.88,0.0162957251751
421,0.066,7088000,0.0,-0.475541299118,70.88,0.0136079288456
422,0.0652,33816000,-0.0121212121212,-0.481956696071,338.16,0.0649218004856
423,0.0636,32392000,-0.0245398773006,-0.494787489976,323.92,0.0621879276476
424,0.0676,57752000,0.062893081761,-0.462710505213,577.52,0.110875438303
425,0.06,61400000,-0.112426035503,-0.523656776263,614.0,0.117879067596
426,0.054,46436000,-0.1,-0.571772253408,464.36,0.089150364542
427,0.048,49656000,-0.111111111111,-0.619887730553,496.56,0.0953322960999
428,0.0472,185444000,-0.0166666666667,-0.626303127506,1854.44,0.356025501812
429,0.036,4040000,-0.237288135593,-0.716118684844,40.4,0.00775621226526
430,0.036,4232000,0.0,-0.716118684844,42.32,0.00812482433331
431,0.0352,6192000,-0.0222222222222,-0.722534081796,61.92,0.0118877391947
432,0.036,2784000,0.0227272727273,-0.716118684844,27.84,0.00534487498675
433,0.0356,0,-0.0111111111111,-0.71932638332,0.0,0.0
434,0.0356,0,0.0,-0.71932638332,0.0,0.0
435,0.0356,0,0.0,-0.71932638332,0.0,0.0
436,0.0356,1104000,0.0,-0.71932638332,11.04,0.0021195193913
437,0.0352,1112000,-0.0112359550562,-0.722534081796,11.12,0.00213487822747
438,0.0352,1216000,0.0,-0.722534081796,12.16,0.00233454309766
439,0.0344,592000,-0.0227272727273,-0.728949478749,5.92,0.00113655387649
440,0.0352,2984000,0.0232558139535,-0.722534081796,29.84,0.00572884589097
441,0.0352,536000,0.0,-0.722534081796,5.36,0.00102904202331
442,0.036,632000,0.0227272727273,-0.716118684844,6.32,0.00121334805734
443,0.036,1136000,0.0,-0.716118684844,11.36,0.00218095473597
444,0.0364,1496000,0.0111111111111,-0.712910986367,14.96,0.00287210236357
445,0.0348,2536000,-0.043956043956,-0.725741780273,25.36,0.00486875106552
446,0.0364,1536000,0.0459770114943,-0.712910986367,15.36,0.00294889654442
447,0.036,2360000,-0.010989010989,-0.716118684844,23.6,0.0045308566698
448,0.0364,3656000,0.0111111111111,-0.712910986367,36.56,0.00701898812916
449,0.0368,6600000,0.010989010989,-0.709703287891,66.0,0.0126710398393
450,0.0344,1232000,-0.0652173913043,-0.728949478749,12.32,0.00236526077
451,0.034,1296000,-0.0116279069767,-0.732157177225,12.96,0.00248813145935
452,0.034,1336000,0.0,-0.732157177225,13.36,0.00256492564019
453,0.034,1592000,0.0,-0.732157177225,15.92,0.0030564083976
454,0.0344,872000,0.0117647058824,-0.728949478749,8.72,0.0016741131424
455,0.0348,1552000,0.0116279069767,-0.725741780273,15.52,0.00297961421675
456,0.0344,2024000,-0.0114942528736,-0.728949478749,20.24,0.00388578555071
457,0.0344,1592000,0.0,-0.728949478749,15.92,0.0030564083976
458,0.0348,3720000,0.0116279069767,-0.725741780273,37.2,0.00714185881851
459,0.0356,8712000,0.0229885057471,-0.71932638332,87.12,0.0167257725879
460,0.0376,3640000,0.0561797752809,-0.703287890938,36.4,0.00698827045682
461,0.038,5912000,0.0106382978723,-0.700080192462,59.12,0.0113501799288
462,0.0376,4360000,-0.0105263157895,-0.703287890938,43.6,0.00837056571201
463,0.0372,9928000,-0.0106382978723,-0.706495589415,99.28,0.0190603156855
464,0.0376,54183500,0.010752688172,-0.703287890938,541.835,0.104024437444
465,0.032,0,-0.148936170213,-0.748195669607,0.0,0.0
466,0.032,0,0.0,-0.748195669607,0.0,0.0
467,0.032,32000,0.0,-0.748195669607,0.32,6.14353446753e-05
468,0.032,424000,0.0,-0.748195669607,4.24,0.000814018316948
469,0.032,168000,0.0,-0.748195669607,1.68,0.000322535559545
470,0.032,704000,0.0,-0.748195669607,7.04,0.00135157758286
471,0.0324,976000,0.0125,-0.744987971131,9.76,0.0018737780126
472,0.032,1368000,-0.0123456790123,-0.748195669607,13.68,0.00262636098487
473,0.0324,720000,0.0125,-0.744987971131,7.2,0.00138229525519
474,0.0312,2360000,-0.037037037037,-0.75461106656,23.6,0.0045308566698
475,0.0328,1392000,0.0512820512821,-0.741780272654,13.92,0.00267243749338
476,0.034,864000,0.0365853658537,-0.732157177225,8.64,0.00165875430623
477,0.0336,1056000,-0.0117647058824,-0.735364875702,10.56,0.00202736637429
478,0.0344,1056000,0.0238095238095,-0.728949478749,10.56,0.00202736637429
479,0.0344,3336000,0.0,-0.728949478749,33.36,0.0064046346824
480,0.0344,8032000,0.0,-0.728949478749,80.32,0.0154202715135
481,0.0352,14760000,0.0232558139535,-0.722534081796,147.6,0.0283370527315
482,0.0332,5136000,-0.0568181818182,-0.738572574178,51.36,0.00986037282039
483,0.0316,928000,-0.0481927710843,-0.751403368083,9.28,0.00178162499558
484,0.0312,3776000,-0.0126582278481,-0.75461106656,37.76,0.00724937067169
485,0.03,4344000,-0.0384615384615,-0.764234161989,43.44,0.00833984803967
486,0.0296,928000,-0.0133333333333,-0.767441860465,9.28,0.00178162499558
487,0.0296,496000,0.0,-0.767441860465,4.96,0.000952247842467
488,0.03,40000,0.0135135135135,-0.764234161989,0.4,7.67941808442e-05
489,0.0292,1072000,-0.0266666666667,-0.770649558941,10.72,0.00205808404662
490,0.0312,280000,0.0684931506849,-0.75461106656,2.8,0.000537559265909
491,0.03,40000,-0.0384615384615,-0.764234161989,0.4,7.67941808442e-05
492,0.0308,200000,0.0266666666667,-0.757818765036,2.0,0.000383970904221
493,0.0308,112000,0.0,-0.757818765036,1.12,0.000215023706364
494,0.0308,1184000,0.0,-0.757818765036,11.84,0.00227310775299
495,0.0324,6076000,0.0519480519481,-0.744987971131,60.76,0.0116650360702
496,0.032,3840000,-0.0123456790123,-0.748195669607,38.4,0.00737224136104
497,0.0312,2968000,-0.025,-0.75461106656,29.68,0.00569812821864
498,0.0288,352000,-0.0769230769231,-0.773857257418,3.52,0.000675788791429
499,0.0284,672000,-0.0138888888889,-0.777064955894,6.72,0.00129014223818
500,0.0284,1064000,0.0,-0.777064955894,10.64,0.00204272521045
501,0.028,0,-0.0140845070423,-0.78027265437,0.0,0.0
502,0.028,496000,0.0,-0.78027265437,4.96,0.000952247842467
503,0.028,1504000,0.0,-0.78027265437,15.04,0.00288746119974
504,0.028,1408000,0.0,-0.78027265437,14.08,0.00270315516571
505,0.0284,0,0.0142857142857,-0.777064955894,0.0,0.0
506,0.0284,0,0.0,-0.777064955894,0.0,0.0
507,0.0284,296000,0.0,-0.777064955894,2.96,0.000568276938247
508,0.0288,672000,0.0140845070423,-0.773857257418,6.72,0.00129014223818
509,0.0284,1208000,-0.0138888888889,-0.777064955894,12.08,0.00231918426149
510,0.0284,200000,0.0,-0.777064955894,2.0,0.000383970904221
511,0.0284,552000,0.0,-0.777064955894,5.52,0.00105975969565
512,0.0288,432000,0.0140845070423,-0.773857257418,4.32,0.000829377153117
513,0.0288,160000,0.0,-0.773857257418,1.6,0.000307176723377
514,0.0292,216000,0.0138888888889,-0.770649558941,2.16,0.000414688576558
515,0.0292,224000,0.0,-0.770649558941,2.24,0.000430047412727
516,0.0296,344000,0.013698630137,-0.767441860465,3.44,0.00066042995526
517,0.03,1488000,0.0135135135135,-0.764234161989,14.88,0.0028567435274
518,0.0292,1168000,-0.0266666666667,-0.770649558941,11.68,0.00224239008065
519,0.0296,5184000,0.013698630137,-0.767441860465,51.84,0.0099525258374
520,0.0304,2880400,0.027027027027,-0.761026463512,28.804,0.00552994896259
521,0.0312,2896000,0.0263157894737,-0.75461106656,28.96,0.00555989869312
522,0.032,1768000,0.025641025641,-0.748195669607,17.68,0.00339430279331
523,0.0328,744000,0.025,-0.741780272654,7.44,0.0014283717637
524,0.0324,1808000,-0.0121951219512,-0.744987971131,18.08,0.00347109697416
525,0.0332,3320000,0.0246913580247,-0.738572574178,33.2,0.00637391701006
526,0.0348,11080000,0.0481927710843,-0.725741780273,110.8,0.0212719880938
527,0.0324,792000,-0.0689655172414,-0.744987971131,7.92,0.00152052478071
528,0.0324,1776000,0.0,-0.744987971131,17.76,0.00340966162948
529,0.0332,1168000,0.0246913580247,-0.738572574178,11.68,0.00224239008065
530,0.0328,968000,-0.0120481927711,-0.741780272654,9.68,0.00185841917643
531,0.0328,4704000,0.0,-0.741780272654,47.04,0.00903099566727
532,0.0332,4968000,0.0121951219512,-0.738572574178,49.68,0.00953783726084
533,0.0316,920000,-0.0481927710843,-0.751403368083,9.2,0.00176626615942
534,0.0312,776000,-0.0126582278481,-0.75461106656,7.76,0.00148980710838
535,0.0316,1208000,0.0128205128205,-0.751403368083,12.08,0.00231918426149
536,0.0312,2848000,-0.0126582278481,-0.75461106656,28.48,0.0054677456761
537,0.03,480000,-0.0384615384615,-0.764234161989,4.8,0.00092153017013
538,0.0304,1664000,0.0133333333333,-0.761026463512,16.64,0.00319463792312
539,0.0304,344000,0.0,-0.761026463512,3.44,0.00066042995526
540,0.03,1744000,-0.0131578947368,-0.764234161989,17.44,0.00334822628481
541,0.0304,1312000,0.0133333333333,-0.761026463512,13.12,0.00251884913169
542,0.0304,912000,0.0,-0.761026463512,9.12,0.00175090732325
543,0.0308,584000,0.0131578947368,-0.757818765036,5.84,0.00112119504032
544,0.0304,1792000,-0.012987012987,-0.761026463512,17.92,0.00344037930182
545,0.0312,2768000,0.0263157894737,-0.75461106656,27.68,0.00531415731442
546,0.0304,3552000,-0.025641025641,-0.761026463512,35.52,0.00681932325896
547,0.0316,2968000,0.0394736842105,-0.751403368083,29.68,0.00569812821864
548,0.0316,720000,0.0,-0.751403368083,7.2,0.00138229525519
549,0.0316,4280000,0.0,-0.751403368083,42.8,0.00821697735032
550,0.0328,200000,0.0379746835443,-0.741780272654,2.0,0.000383970904221
551,0.0328,704000,0.0,-0.741780272654,7.04,0.00135157758286
552,0.0328,584000,0.0,-0.741780272654,5.84,0.00112119504032
553,0.0332,744000,0.0121951219512,-0.738572574178,7.44,0.0014283717637
554,0.0328,944000,-0.0120481927711,-0.741780272654,9.44,0.00181234266792
555,0.0332,976000,0.0121951219512,-0.738572574178,9.76,0.0018737780126
556,0.0332,2048000,0.0,-0.738572574178,20.48,0.00393186205922
557,0.0332,1616000,0.0,-0.738572574178,16.16,0.0031024849061
558,0.0336,1072000,0.0120481927711,-0.735364875702,10.72,0.00205808404662
559,0.0332,1648000,-0.0119047619048,-0.738572574178,16.48,0.00316392025078
560,0.0336,1384000,0.0120481927711,-0.735364875702,13.84,0.00265707865721
561,0.0336,728000,0.0,-0.735364875702,7.28,0.00139765409136
562,0.0336,1696000,0.0,-0.735364875702,16.96,0.00325607326779
563,0.034,1328000,0.0119047619048,-0.732157177225,13.28,0.00254956680403
564,0.034,1144000,0.0,-0.732157177225,11.44,0.00219631357214
565,0.034,4368000,0.0,-0.732157177225,43.68,0.00838592454818
566,0.0332,0,-0.0235294117647,-0.738572574178,0.0,0.0
567,0.0332,0,0.0,-0.738572574178,0.0,0.0
568,0.0332,5912000,0.0,-0.738572574178,59.12,0.0113501799288
569,0.0344,7152000,0.0361445783133,-0.728949478749,71.52,0.0137307995349
570,0.0356,3064000,0.0348837209302,-0.71932638332,30.64,0.00588243425266
571,0.036,22520000,0.0112359550562,-0.716118684844,225.2,0.0432351238153
572,0.0352,4876000,-0.0222222222222,-0.722534081796,48.76,0.0093612106449
573,0.0344,3152000,-0.0227272727273,-0.728949478749,31.52,0.00605138145052
574,0.0344,5016000,0.0,-0.728949478749,50.16,0.00962999027786
575,0.0344,6376000,0.0,-0.728949478749,63.76,0.0122409924266
576,0.0332,2136000,-0.0348837209302,-0.738572574178,21.36,0.00410080925708
577,0.0336,1632000,0.0120481927711,-0.735364875702,16.32,0.00313320257844
578,0.0332,656000,-0.0119047619048,-0.738572574178,6.56,0.00125942456584
579,0.0332,2568000,0.0,-0.738572574178,25.68,0.00493018641019
580,0.034,2496000,0.0240963855422,-0.732157177225,24.96,0.00479195688468
581,0.0336,3496000,-0.0117647058824,-0.735364875702,34.96,0.00671181140578
582,0.0332,1840000,-0.0119047619048,-0.738572574178,18.4,0.00353253231883
583,0.034,0,0.0240963855422,-0.732157177225,0.0,0.0
584,0.034,3608000,0.0,-0.732157177225,36.08,0.00692683511214
585,0.0332,1120000,-0.0235294117647,-0.738572574178,11.2,0.00215023706364
586,0.0336,3256000,0.0120481927711,-0.735364875702,32.56,0.00625104632071
587,0.0336,1808000,0.0,-0.735364875702,18.08,0.00347109697416
588,0.0336,2280000,0.0,-0.735364875702,22.8,0.00437726830812
589,0.0336,1368000,0.0,-0.735364875702,13.68,0.00262636098487
590,0.0336,1048000,0.0,-0.735364875702,10.48,0.00201200753812
591,0.0336,976000,0.0,-0.735364875702,9.76,0.0018737780126
592,0.0336,1608000,0.0,-0.735364875702,16.08,0.00308712606993
593,0.0336,3048000,0.0,-0.735364875702,30.48,0.00585171658032
594,0.034,2832000,0.0119047619048,-0.732157177225,28.32,0.00543702800377
595,0.034,2728000,0.0,-0.732157177225,27.28,0.00523736313357
596,0.034,6304000,0.0,-0.732157177225,63.04,0.012102762901
597,0.034,1672000,0.0,-0.732157177225,16.72,0.00320999675929
598,0.034,28464000,0.0,-0.732157177225,284.64,0.0546467390887
599,0.0352,37424000,0.0352941176471,-0.722534081796,374.24,0.0718486355978
600,0.034,1520000,-0.0340909090909,-0.732157177225,15.2,0.00291817887208
601,0.0336,2096000,-0.0117647058824,-0.735364875702,20.96,0.00402401507623
602,0.034,2696000,0.0119047619048,-0.732157177225,26.96,0.0051759277889
603,0.0332,1808000,-0.0235294117647,-0.738572574178,18.08,0.00347109697416
604,0.034,2688000,0.0240963855422,-0.732157177225,26.88,0.00516056895273
605,0.0336,2376000,-0.0117647058824,-0.735364875702,23.76,0.00456157434214
606,0.034,3320000,0.0119047619048,-0.732157177225,33.2,0.00637391701006
607,0.034,3448000,0.0,-0.732157177225,34.48,0.00661965838877
608,0.0344,1536000,0.0117647058824,-0.728949478749,15.36,0.00294889654442
609,0.0348,7952000,0.0116279069767,-0.725741780273,79.52,0.0152666831518
610,0.0348,5808000,0.0,-0.725741780273,58.08,0.0111505150586
611,0.0348,2992000,0.0,-0.725741780273,29.92,0.00574420472714
612,0.0352,3096000,0.0114942528736,-0.722534081796,30.96,0.00594386959734
613,0.0352,3800000,0.0,-0.722534081796,38.0,0.00729544718019
614,0.0352,18584000,0.0,-0.722534081796,185.84,0.0356785764202
615,0.0364,36032000,0.0340909090909,-0.712910986367,360.32,0.0691761981044
616,0.034,3432000,-0.0659340659341,-0.732157177225,34.32,0.00658894071643
617,0.034,4432000,0.0,-0.732157177225,44.32,0.00850879523753
618,0.0348,5272000,0.0235294117647,-0.725741780273,52.72,0.0101214730353
619,0.0344,4416000,-0.0114942528736,-0.728949478749,44.16,0.00847807756519
620,0.0344,11296000,0.0,-0.728949478749,112.96,0.0216866766704
621,0.0344,25264000,0.0,-0.728949478749,252.64,0.0485032046212
622,0.0348,3128000,0.0116279069767,-0.725741780273,31.28,0.00600530494201
623,0.0352,3424000,0.0114942528736,-0.722534081796,34.24,0.00657358188026
624,0.0348,47360000,-0.0113636363636,-0.725741780273,473.6,0.0909243101195
625,0.0352,6976000,0.0114942528736,-0.722534081796,69.76,0.0133929051392
626,0.0352,18448000,0.0,-0.722534081796,184.48,0.0354174762053
627,0.0364,9352000,0.0340909090909,-0.712910986367,93.52,0.0179544794814
628,0.0372,10376000,0.021978021978,-0.706495589415,103.76,0.019920410511
629,0.036,55248000,-0.0322580645161,-0.716118684844,552.48,0.106068122582
630,0.0348,3560000,-0.0333333333333,-0.725741780273,35.6,0.00683468209513
631,0.0344,2360000,-0.0114942528736,-0.728949478749,23.6,0.0045308566698
632,0.0352,4952000,0.0232558139535,-0.722534081796,49.52,0.00950711958851
633,0.0352,0,0.0,-0.722534081796,0.0,0.0
634,0.0352,4024000,0.0,-0.722534081796,40.24,0.00772549459292
635,0.036,13960000,0.0227272727273,-0.716118684844,139.6,0.0268011691146
636,0.0348,2976000,-0.0333333333333,-0.725741780273,29.76,0.0057134870548
637,0.0352,5968000,0.0114942528736,-0.722534081796,59.68,0.0114576917819
638,0.0364,1824000,0.0340909090909,-0.712910986367,18.24,0.00350181464649
639,0.0364,3648000,0.0,-0.712910986367,36.48,0.00700362929299
640,0.0372,9128000,0.021978021978,-0.706495589415,91.28,0.0175244320686
641,0.0364,3320000,-0.0215053763441,-0.712910986367,33.2,0.00637391701006
642,0.0364,3992000,0.0,-0.712910986367,39.92,0.00766405924825
643,0.0364,3704000,0.0,-0.712910986367,37.04,0.00711114114617
644,0.0376,1768000,0.032967032967,-0.703287890938,17.68,0.00339430279331
645,0.0372,1408000,-0.0106382978723,-0.706495589415,14.08,0.00270315516571
646,0.0376,1352000,0.010752688172,-0.703287890938,13.52,0.00259564331253
647,0.0376,4080000,0.0,-0.703287890938,40.8,0.0078330064461
648,0.0372,616000,-0.0106382978723,-0.706495589415,6.16,0.001182630385
649,0.0376,1656000,0.010752688172,-0.703287890938,16.56,0.00317927908695
650,0.0376,4040000,0.0,-0.703287890938,40.4,0.00775621226526
651,0.038,23736000,0.0106382978723,-0.700080192462,237.36,0.0455696669129
652,0.0376,3080000,-0.0105263157895,-0.703287890938,30.8,0.005913151925
653,0.0384,1056000,0.0212765957447,-0.696872493986,10.56,0.00202736637429
654,0.0384,0,0.0,-0.696872493986,0.0,0.0
655,0.0384,2152000,0.0,-0.696872493986,21.52,0.00413152692942
656,0.0384,1064000,0.0,-0.696872493986,10.64,0.00204272521045
657,0.0388,3464000,0.0104166666667,-0.693664795509,34.64,0.0066503760611
658,0.038,1488000,-0.020618556701,-0.700080192462,14.88,0.0028567435274
659,0.0384,3024000,0.0105263157895,-0.696872493986,30.24,0.00580564007182
660,0.0388,7608000,0.0104166666667,-0.693664795509,76.08,0.0146062531966
661,0.0392,14296000,0.0103092783505,-0.690457097033,142.96,0.0274462402337
662,0.0392,2720000,0.0,-0.690457097033,27.2,0.0052220042974
663,0.0396,15576000,0.0102040816327,-0.687249398557,155.76,0.0299036540207
664,0.0392,3408000,-0.010101010101,-0.690457097033,34.08,0.00654286420792
665,0.0392,47760000,0.0,-0.690457097033,477.6,0.0916922519279
666,0.0404,15736000,0.030612244898,-0.680834001604,157.36,0.0302108307441
667,0.0412,64280000,0.019801980198,-0.674418604651,642.8,0.123408248617
668,0.0412,3968000,0.0,-0.674418604651,39.68,0.00761798273974
669,0.042,13840000,0.0194174757282,-0.668003207698,138.4,0.0265707865721
670,0.0396,6864000,-0.0571428571429,-0.687249398557,68.64,0.0131778814329
671,0.0396,10904000,0.0,-0.687249398557,109.04,0.0209340936981
672,0.0404,4972000,0.020202020202,-0.680834001604,49.72,0.00954551667893
673,0.0416,0,0.029702970297,-0.671210906175,0.0,0.0
674,0.0416,7528000,0.0,-0.671210906175,75.28,0.0144526648349
675,0.042,33592000,0.00961538461538,-0.668003207698,335.92,0.0644917530729
676,0.0412,0,-0.0190476190476,-0.674418604651,0.0,0.0
677,0.0412,41064000,0.0,-0.674418604651,410.64,0.0788369060546
678,0.0432,86880000,0.0485436893204,-0.658380112269,868.8,0.166796960793
679,0.0472,103152000,0.0925925925926,-0.626303127506,1031.52,0.198036833561
680,0.0472,73668000,0.0,-0.626303127506,736.68,0.141431842861
681,0.0484,166212000,0.0254237288136,-0.616680032077,1662.12,0.319102859662
682,0.0424,232212000,-0.123966942149,-0.664795509222,2322.12,0.445813258055
683,0.04,1344000,-0.0566037735849,-0.68404170008,13.44,0.00258028447636
684,0.0388,0,-0.03,-0.693664795509,0.0,0.0
685,0.0388,0,0.0,-0.693664795509,0.0,0.0
686,0.0388,744000,0.0,-0.693664795509,7.44,0.0014283717637
687,0.0388,352000,0.0,-0.693664795509,3.52,0.000675788791429
688,0.0392,6096000,0.0103092783505,-0.690457097033,60.96,0.0117034331606
689,0.0396,5520000,0.0102040816327,-0.687249398557,55.2,0.0105975969565
690,0.0412,2568000,0.040404040404,-0.674418604651,25.68,0.00493018641019
691,0.0416,4528000,0.00970873786408,-0.671210906175,45.28,0.00869310127156
692,0.044,12176000,0.0576923076923,-0.651964715317,121.76,0.023376148649
693,0.0408,9000000,-0.0727272727273,-0.677626303128,90.0,0.0172786906899
694,0.0424,75768000,0.0392156862745,-0.664795509222,757.68,0.145463537355
695,0.04,720000,-0.0566037735849,-0.68404170008,7.2,0.00138229525519
